epoch,loss,val_loss
0,0.013520774325838134,0.008422621363192025
